USE ecommerce_db;
-- Insert into customers
INSERT INTO customers (customer_id, name, email, phone, address) VALUES
(1, 'Amit Sharma', 'amit@example.com', '9876543210', 'Delhi, India'),
(2, 'Riya Patel', 'riya@example.com', '9123456789', 'Mumbai, India'),
(3, 'John Doe', 'john@example.com', '9998887777', 'New York, USA'),
(4, 'Sara Khan', 'sara@example.com', '9988776655', 'Bangalore, India'),
(5, 'David Lee', 'david@example.com', '9871234567', 'London, UK'),
(6, 'Anjali Mehta', 'anjali@example.com', '9000000001', 'Pune, India'),
(7, 'Carlos Garcia', 'carlos@example.com', '9012345678', 'Madrid, Spain'),
(8, 'Liu Wei', 'liu@example.com', '9034567890', 'Beijing, China'),
(9, 'Emma Watson', 'emma@example.com', '9045678901', 'Paris, France'),
(10, 'Ali Rahman', 'ali@example.com', '9056789012', 'Dubai, UAE'),
(11, 'Tom Hanks', 'tom@example.com', '9067890123', 'Chicago, USA'),
(12, 'Meena Kumari', 'meena@example.com', '9078901234', 'Lucknow, India'),
(13, 'Raj Malhotra', 'raj@example.com', '9089012345', 'Chennai, India'),
(14, 'Sophia Loren', 'sophia@example.com', '9090123456', 'Rome, Italy'),
(15, 'James Bond', 'james@example.com', '9101234567', 'London, UK'),
(16, 'Olivia Jones', 'olivia@example.com', '9112345678', 'Toronto, Canada'),
(17, 'Noah Smith', 'noah@example.com', '9123456780', 'San Francisco, USA'),
(18, 'Arjun Kapoor', 'arjun@example.com', '9134567891', 'Jaipur, India'),
(19, 'Priya Roy', 'priya@example.com', '9145678902', 'Hyderabad, India'),
(20, 'Akash Nair', 'akash@example.com', '9156789013', 'Kochi, India'),
(21, 'Harpreet Singh', 'harpreet@example.com', '9167890124', 'Amritsar, India'),
(22, 'Isabella Cruz', 'isabella@example.com', '9178901235', 'Lisbon, Portugal'),
(23, 'William Brown', 'william@example.com', '9189012346', 'Dublin, Ireland'),
(24, 'Nina Verma', 'nina@example.com', '9190123457', 'Indore, India'),
(25, 'Zara Ali', 'zara@example.com', '9201234568', 'Lahore, Pakistan');

-- Insert into Products
INSERT INTO products (product_id, name, category, price, stock_quantity) VALUES
(1, 'Wireless Mouse', 'Electronics', 599.00, 50),
(2, 'Bluetooth Headphones', 'Electronics', 1299.00, 40),
(3, 'Yoga Mat', 'Fitness', 699.00, 100),
(4, 'Laptop Stand', 'Accessories', 899.00, 25),
(5, 'Water Bottle', 'Fitness', 299.00, 80),
(6, 'USB-C Cable', 'Electronics', 199.00, 200),
(7, 'Desk Lamp', 'Home', 799.00, 35),
(8, 'Notebook', 'Stationery', 99.00, 150),
(9, 'Pen Pack', 'Stationery', 49.00, 300),
(10, 'Backpack', 'Bags', 1099.00, 60),
(11, 'Shoe Rack', 'Home', 1499.00, 20),
(12, 'Office Chair', 'Furniture', 5499.00, 10),
(13, 'HDMI Cable', 'Electronics', 249.00, 100),
(14, 'Mouse Pad', 'Accessories', 149.00, 120),
(15, 'Fitness Band', 'Fitness', 1999.00, 30),
(16, 'Smart Bulb', 'Electronics', 499.00, 70),
(17, 'Sunglasses', 'Fashion', 799.00, 50),
(18, 'Jeans', 'Fashion', 1199.00, 40),
(19, 'T-Shirt', 'Fashion', 699.00, 60),
(20, 'Wireless Charger', 'Electronics', 899.00, 45);

-- Insert into orders
INSERT INTO orders (order_id, customer_id, order_date, total_amount) VALUES
(1, 1, '2025-07-01', 1898.00),
(2, 2, '2025-07-02', 998.00),
(3, 3, '2025-07-02', 599.00),
(4, 1, '2025-07-03', 299.00),
(5, 4, '2025-07-04', 2198.00),
(6, 5, '2025-07-05', 849.00),
(7, 6, '2025-07-05', 1099.00),
(8, 7, '2025-07-06', 499.00),
(9, 8, '2025-07-06', 1499.00),
(10, 9, '2025-07-07', 199.00),
(11, 10, '2025-07-07', 899.00),
(12, 11, '2025-07-08', 299.00),
(13, 12, '2025-07-08', 1398.00),
(14, 13, '2025-07-08', 849.00),
(15, 14, '2025-07-09', 1049.00),
(16, 15, '2025-07-09', 1798.00),
(17, 16, '2025-07-10', 1249.00),
(18, 17, '2025-07-10', 549.00),
(19, 18, '2025-07-10', 1199.00),
(20, 19, '2025-07-11', 2298.00),
(21, 20, '2025-07-11', 498.00),
(22, 21, '2025-07-11', 299.00),
(23, 22, '2025-07-12', 499.00),
(24, 23, '2025-07-12', 1099.00),
(25, 24, '2025-07-13', 399.00),
(26, 25, '2025-07-13', 699.00),
(27, 2, '2025-07-13', 1299.00),
(28, 3, '2025-07-14', 899.00),
(29, 4, '2025-07-14', 999.00),
(30, 5, '2025-07-15', 1899.00),
(31, 6, '2025-07-15', 299.00),
(32, 7, '2025-07-16', 849.00),
(33, 8, '2025-07-16', 1249.00),
(34, 9, '2025-07-16', 1049.00),
(35, 10, '2025-07-17', 1399.00),
(36, 11, '2025-07-17', 1499.00),
(37, 12, '2025-07-18', 399.00),
(38, 13, '2025-07-18', 599.00),
(39, 14, '2025-07-19', 1099.00),
(40, 15, '2025-07-20', 999.00);

-- Insert into order_items
INSERT INTO order_items (order_item_id, order_id, product_id, quantity, price) VALUES
(1, 1, 1, 1, 599.00),
(2, 1, 2, 1, 1299.00),
(3, 2, 3, 1, 699.00),
(4, 2, 5, 1, 299.00),
(5, 3, 1, 1, 599.00),
(6, 4, 5, 1, 299.00),
(7, 5, 2, 1, 1299.00),
(8, 5, 4, 1, 899.00),
(9, 6, 7, 1, 849.00),
(10, 7, 10, 1, 1099.00),
(11, 8, 16, 1, 499.00),
(12, 9, 11, 1, 1499.00),
(13, 10, 6, 1, 199.00),
(14, 11, 4, 1, 899.00),
(15, 12, 5, 1, 299.00),
(16, 13, 15, 1, 1999.00),
(17, 13, 9, 1, -601.00), -- discount logic
(18, 14, 7, 1, 849.00),
(19, 15, 10, 1, 1099.00),
(20, 15, 14, 1, -50.00),
(21, 16, 2, 1, 1299.00),
(22, 16, 13, 1, 499.00),
(23, 17, 20, 1, 899.00),
(24, 17, 6, 1, 199.00),
(25, 18, 9, 1, 49.00),
(26, 19, 18, 1, 1199.00),
(27, 20, 12, 1, 1499.00),
(28, 20, 13, 1, 249.00),
(29, 20, 7, 1, 549.00),
(30, 21, 14, 1, 149.00),
(31, 21, 6, 1, 349.00),
(32, 22, 8, 3, 99.00),
(33, 23, 16, 1, 499.00),
(34, 24, 10, 1, 1099.00),
(35, 25, 8, 2, 99.00),
(36, 26, 3, 1, 699.00),
(37, 27, 2, 1, 1299.00),
(38, 28, 4, 1, 899.00),
(39, 29, 17, 1, 999.00),
(40, 30, 1, 1, 599.00),
(41, 30, 2, 1, 1299.00),
(42, 31, 5, 1, 299.00),
(43, 32, 7, 1, 849.00),
(44, 33, 12, 1, 1249.00),
(45, 34, 4, 1, 899.00),
(46, 34, 14, 1, 149.00),
(47, 35, 20, 1, 899.00),
(48, 35, 13, 1, 499.00),
(49, 36, 11, 1, 1499.00),
(50, 37, 5, 1, 299.00),
(51, 37, 9, 2, 49.00),
(52, 38, 6, 2, 199.00),
(53, 39, 10, 1, 1099.00),
(54, 40, 18, 1, 999.00),
(55, 40, 19, 1, 699.00),
(56, 8, 8, 1, 99.00),
(57, 9, 12, 1, 1499.00),
(58, 11, 1, 1, 599.00),
(59, 16, 3, 2, 699.00),
(60, 17, 15, 1, 1999.00),
(61, 18, 7, 1, 849.00),
(62, 19, 16, 1, 499.00),
(63, 20, 20, 1, 899.00),
(64, 21, 6, 1, 199.00),
(65, 22, 4, 1, 899.00),
(66, 23, 14, 1, 149.00),
(67, 24, 9, 1, 49.00),
(68, 25, 3, 1, 699.00),
(69, 26, 15, 1, 1999.00),
(70, 27, 5, 1, 299.00),
(71, 28, 13, 1, 249.00),
(72, 29, 2, 1, 1299.00),
(73, 30, 10, 1, 1099.00),
(74, 31, 7, 1, 849.00),
(75, 32, 11, 1, 1499.00),
(76, 33, 6, 2, 199.00),
(77, 34, 19, 1, 699.00),
(78, 35, 1, 1, 599.00),
(79, 36, 2, 1, 1299.00),
(80, 37, 5, 1, 299.00),
(81, 38, 8, 2, 99.00),
(82, 39, 18, 1, 1199.00),
(83, 40, 3, 1, 699.00),
(84, 40, 13, 1, 249.00);

-- Insert into payments
INSERT INTO payments (payment_id, order_id, payment_date, amount_paid, payment_method, payment_status) VALUES
(1, 1, '2025-07-01', 1898.00, 'UPI', 'Completed'),
(2, 2, '2025-07-02', 998.00, 'Credit Card', 'Completed'),
(3, 3, '2025-07-02', 599.00, 'Debit Card', 'Completed'),
(4, 4, '2025-07-03', 299.00, 'Cash', 'Completed'),
(5, 5, '2025-07-04', 2198.00, 'Net Banking', 'Pending'),
(6, 6, '2025-07-05', 849.00, 'Credit Card', 'Completed'),
(7, 7, '2025-07-05', 1099.00, 'UPI', 'Completed'),
(8, 8, '2025-07-06', 499.00, 'Wallet', 'Completed'),
(9, 9, '2025-07-06', 1499.00, 'Debit Card', 'Completed'),
(10, 10, '2025-07-07', 199.00, 'Credit Card', 'Completed'),
(11, 11, '2025-07-07', 899.00, 'Cash', 'Completed'),
(12, 12, '2025-07-08', 299.00, 'UPI', 'Completed'),
(13, 13, '2025-07-08', 1398.00, 'Credit Card', 'Completed'),
(14, 14, '2025-07-08', 849.00, 'Debit Card', 'Completed'),
(15, 15, '2025-07-09', 1049.00, 'UPI', 'Completed'),
(16, 16, '2025-07-09', 1798.00, 'Net Banking', 'Completed'),
(17, 17, '2025-07-10', 1249.00, 'Wallet', 'Completed'),
(18, 18, '2025-07-10', 549.00, 'UPI', 'Completed'),
(19, 19, '2025-07-10', 1199.00, 'Credit Card', 'Completed'),
(20, 20, '2025-07-11', 2298.00, 'Net Banking', 'Completed'),
(21, 21, '2025-07-11', 498.00, 'UPI', 'Completed'),
(22, 22, '2025-07-11', 299.00, 'Cash', 'Completed'),
(23, 23, '2025-07-12', 499.00, 'Wallet', 'Completed'),
(24, 24, '2025-07-12', 1099.00, 'Debit Card', 'Completed'),
(25, 25, '2025-07-13', 399.00, 'Credit Card', 'Completed'),
(26, 26, '2025-07-13', 699.00, 'UPI', 'Completed'),
(27, 27, '2025-07-13', 1299.00, 'Net Banking', 'Completed'),
(28, 28, '2025-07-14', 899.00, 'Cash', 'Completed'),
(29, 29, '2025-07-14', 999.00, 'Debit Card', 'Completed'),
(30, 30, '2025-07-15', 1899.00, 'Credit Card', 'Completed'),
(31, 31, '2025-07-15', 299.00, 'Wallet', 'Completed'),
(32, 32, '2025-07-16', 849.00, 'UPI', 'Completed'),
(33, 33, '2025-07-16', 1249.00, 'Debit Card', 'Completed'),
(34, 34, '2025-07-16', 1049.00, 'Net Banking', 'Completed'),
(35, 35, '2025-07-17', 1399.00, 'Credit Card', 'Completed'),
(36, 36, '2025-07-17', 1499.00, 'Cash', 'Completed'),
(37, 37, '2025-07-18', 399.00, 'Debit Card', 'Completed'),
(38, 38, '2025-07-18', 599.00, 'UPI', 'Completed'),
(39, 39, '2025-07-19', 1099.00, 'Wallet', 'Completed'),
(40, 40, '2025-07-20', 999.00, 'Credit Card', 'Completed');
